name,image
"Brad Pitt",https://i.ibb.co/WvNHvmz/image.jpg
"Carly Chaikin",https://i.ibb.co/Jrz3NWf/image.jpg
"Dwayne Johnson",https://i.ibb.co/b2PD4qD/image.jpg
"Rami Malek",https://i.ibb.co/S04364V/image.jpg
"Aldis Hodge",https://i.ibb.co/1L9zjTp/image.jpg
"Daniel Radcliffe",https://i.ibb.co/ynTrZwB/image.jpg
"Tom Hardy",https://i.ibb.co/CKYrfYY/image.jpg
"Jason Statham",https://i.ibb.co/jhztDVp/image.jpg
"Benedict Cumberbatch",https://i.ibb.co/nw6mTdr/image.jpg
"Terry Crews",https://i.ibb.co/f9MR69N/image.jpg
"Bruce Willis",https://i.ibb.co/g3zYPBM/image.jpg
"Bryan Cranston",https://i.ibb.co/tB3S7hK/image.jpg
"Ryan Reynolds",https://i.ibb.co/SQdQnyT/image.jpg
"John Malkovich",https://i.ibb.co/5nzYN73/image.jpg
"Rupert Grint",https://i.ibb.co/rkhLLGp/image.jpg
"Masako Nozawa",https://i.ibb.co/fSdXG46/image.jpg
"Ed Harris",https://i.ibb.co/1TsNCmc/image.jpg
"Joey King",https://i.ibb.co/qCtK6LH/image.jpg
"Jason Momoa",https://i.ibb.co/M6VNxtg/image.jpg
"Arnold Schwarzenegger",https://i.ibb.co/bXC6HP3/image.jpg
"Aaron Paul",https://i.ibb.co/6yxmf9z/image.jpg
"Jet Li",https://i.ibb.co/s11smb7/image.jpg
"Mark Wahlberg",https://i.ibb.co/yNcmpfH/image.jpg
"Christian Slater",https://i.ibb.co/zZbXXR3/image.jpg
"Martin Freeman",https://i.ibb.co/YTLPs47/image.jpg
"Miles Teller",https://i.ibb.co/QmLqT0y/image.jpg
"Lou Diamond Phillips",https://i.ibb.co/rMMR14W/image.jpg
"Jon Hamm",https://i.ibb.co/sySLhzq/image.jpg
"Freddie Highmore",https://i.ibb.co/W6ng8RY/image.jpg
"Vince Vaughn",https://i.ibb.co/09BT0w8/image.jpg
"Emma Watson",https://i.ibb.co/JdfR7Mt/image.jpg
"Pierce Brosnan",https://i.ibb.co/Srx156H/image.jpg
"Charlize Theron",https://i.ibb.co/LJ9sMyC/image.jpg
"Kazuya Nakai",https://i.ibb.co/BjWjfj5/image.jpg
"Cillian Murphy",https://i.ibb.co/BcC2LfS/image.jpg
"Woody Harrelson",https://i.ibb.co/Q6bDNZq/image.jpg
"Miyuki Sawashiro",https://i.ibb.co/wNqyCPZ/image.jpg
"Sophie Rundle",https://i.ibb.co/XLRSQPj/image.jpg
"Steve Carell",https://i.ibb.co/Sfz2Ff8/image.jpg
"Sylvia Hoeks",https://i.ibb.co/qyGTMV6/image.jpg
"Jean-Claude Van Damme",https://i.ibb.co/XpsP7w9/image.jpg
"Kevin Hart",https://i.ibb.co/3y4Rpj3/image.jpg
"Glen Powell",https://i.ibb.co/VYwCc24/image.jpg
"Anya Taylor-Joy",https://i.ibb.co/R9zVdBC/image.jpg
"Gal Gadot",https://i.ibb.co/t2r3gBX/image.jpg
"Hiroaki Hirata",https://i.ibb.co/7pv62Nz/image.jpg
"Marcin Doroci≈Ñski",https://i.ibb.co/1GpR7KB/image.jpg
"Mark Gatiss",https://i.ibb.co/F4L9LjH/image.jpg
"Paul Anderson",https://i.ibb.co/PG2RrM6/image.jpg
"Dean Norris",https://i.ibb.co/ynfyVKV/image.jpg
"Hera Hilmar",https://i.ibb.co/mNfTk54/image.jpg
"Hill Harper",https://i.ibb.co/wyndpMG/image.jpg
"Jennifer Connelly",https://i.ibb.co/2nGvnDs/image.jpg
"Megumi Han",https://i.ibb.co/N2sj3nV/image.jpg
"Sylvester Stallone",https://i.ibb.co/HB0RcSD/image.jpg
"Yuko Minaguchi",https://i.ibb.co/G2bfhnk/image.jpg
"Robbie Coltrane",https://i.ibb.co/4KvNGhj/image.jpg
"Tom Cruise",https://i.ibb.co/NSDN6VB/image.jpg
"Matthew McConaughey",https://i.ibb.co/cXB4Tt0/image.jpg
"Aaron Taylor",https://i.ibb.co/3BQ3XQ0/image.jpg
"Tom Payne",https://i.ibb.co/HV1sprp/image.jpg
"Mayumi Tanaka",https://i.ibb.co/j8zvvxM/image.jpg
"Mariya Ise",https://i.ibb.co/WB5X9DY/image.jpg
